"SNPtype","Site","Address"
"SnpI","rs10796216","14622465/41635319"
"SnpI","rs715359","18796328/48710462"
"SnpI","rs1040870","22687484/20663453"
"SnpI","rs10936224","34619331/30630453"
"SnpI","rs213028","10622451/24684377"
"SnpI","rs2385226","46691371/17623494"
"SnpI","rs11034952","58692423/44652497"
"SnpI","rs9292570","48712372/14806497"
"SnpI","rs654498","36707408/15665335"
"SnpI","rs1414097","23759362/39621311"
"SnpI","rs13369115","44627385/74780462"
"SnpI","rs10033147","53636471/37774439"
"SnpI","rs3936238","42802473/29627504"
"SnpI","rs1520670","29605423/22683413"
"SnpI","rs6991394","52603452/34768413"
"SnpI","rs951295","11711409/39778441"
"SnpI","rs10882854","47771383/39668349"
"SnpI","rs2208123","12714403/19761497"
"SnpI","rs10774834","22788456/30718329"
"SnpI","rs10846239","34643354/34766463"
"SnpI","rs6471533","11697340/55602361"
"SnpI","rs5936512","69709392/41785446"
"SnpI","rs6626309","15806372/69767339"
"SnpI","rs5926356","58646349/15642443"
"SnpI","rs5987737","22681417/47658312"
"SnpII","rs1019916","43769491"
"SnpII","rs10457834","15748350"
"SnpII","rs1416770","28667385"
"SnpII","rs1941955","33709340"
"SnpII","rs2125573","25698376"
"SnpII","rs2235751","17621345"
"SnpII","rs2521373","12625304"
"SnpII","rs264581","52695345"
"SnpII","rs2804694","13748334"
"SnpII","rs2959823","15751452"
"SnpII","rs5931272","39615340"
"SnpII","rs6546473","71620388"
"SnpII","rs739259","20806326"
"SnpII","rs798149","48789496"
"SnpII","rs845016","37661486"
"SnpII","rs472920","20638387"
"SnpII","rs133860","52724359"
"SnpII","rs9839873","32678396"
"SnpII","rs1484127","33780375"
"SnpII","rs1510189","25769383"
"SnpII","rs939290","70759471"
"SnpII","rs6426327","63668399"
"SnpII","rs3818562","34683307"
"SnpII","rs7660805","18639486"
"SnpII","rs6982811","52647442"
"SnpII","rs11249206","60753422"
"SnpII","rs9363764","36689314"
"SnpII","rs2032088","63663495"
"SnpII","rs348937","19654492"
"SnpII","rs1467387","45739435"
"SnpII","rs4742386","34623456"
"SnpII","rs2857639","23793421"
"SnpII","rs1495031","33793320"
"SnpII","rs1510480","69633374"
"SnpII","rs2468330","23632464"
"SnpII","rs7746156","33622366"
"SnpII","rs1945975","23614475"
"SnpII","rs966367","16795360"
"SnpII","rs877309","54760445"
"SnpII","rs4331560","10654345"
